model,precision,recall,f1_macro,roc_auc
LR,0.9716981132075472,0.994,0.9824187845519721,0.9995911111111111
DT,0.9966887417218543,0.9993333333333334,0.9980053147280912,0.9991866666666667
SVM,0.875,0.9666666666666667,0.9113300492610837,0.9936711111111112
XGB,0.993421052631579,0.9986666666666666,0.9960211849795312,0.999991111111111
RF (proposed),0.9966887417218543,0.9993333333333334,0.9980053147280912,1.0
IF (unsupervised),0.6103135847502501,0.6166666666666667,0.6132409372914772,0.7508711111111112
