seed,precision,recall,f1_macro,roc_auc
0,1.0,1.0,1.0,1.0
1,0.9966887417218543,0.9993333333333334,0.9980053147280912,1.0
2,0.9966887417218543,0.9993333333333334,0.9980053147280912,0.9998933333333333
3,1.0,1.0,1.0,1.0
4,0.9966887417218543,0.9993333333333334,0.9980053147280912,1.0
